date key,full date,day of week,day num in month,day num overall,day name,day abbrev,weekday flag,week num in year,week num overall,week begin date,week begin date key,month,month num overall,month name,month abbrev,quarter,year,yearmo,fiscal month,fiscal quarter,fiscal year,month end flag,same day year ago
20200101,1/1/2020,3,1,1,Wednesday,Wed,y,1,1,12/30/2019,20191230,1,1,January,Jan,1,2020,202001,7,3,2020,n,1/1/2019
20200102,1/2/2020,4,2,2,Thursday,Thu,y,1,1,12/30/2019,20191230,1,1,January,Jan,1,2020,202001,7,3,2020,n,1/2/2019
20200103,1/3/2020,5,3,3,Friday,Fri,y,1,1,12/30/2019,20191230,1,1,January,Jan,1,2020,202001,7,3,2020,n,1/3/2019
20200104,1/4/2020,6,4,4,Saturday,Sat,n,1,1,12/30/2019,20191230,1,1,January,Jan,1,2020,202001,7,3,2020,n,1/4/2019
20200105,1/5/2020,7,5,5,Sunday,Sun,n,1,1,12/30/2019,20191230,1,1,January,Jan,1,2020,202001,7,3,2020,n,1/5/2019
20200106,1/6/2020,1,6,6,Monday,Mon,y,2,2,1/6/2020,20200106,1,1,January,Jan,1,2020,202001,7,3,2020,n,1/6/2019
20200107,1/7/2020,2,7,7,Tuesday,Tue,y,2,2,1/6/2020,20200106,1,1,January,Jan,1,2020,202001,7,3,2020,n,1/7/2019
20200108,1/8/2020,3,8,8,Wednesday,Wed,y,2,2,1/6/2020,20200106,1,1,January,Jan,1,2020,202001,7,3,2020,n,1/8/2019
20200109,1/9/2020,4,9,9,Thursday,Thu,y,2,2,1/6/2020,20200106,1,1,January,Jan,1,2020,202001,7,3,2020,n,1/9/2019
20200110,1/10/2020,5,10,10,Friday,Fri,y,2,2,1/6/2020,20200106,1,1,January,Jan,1,2020,202001,7,3,2020,n,1/10/2019
20200111,1/11/2020,6,11,11,Saturday,Sat,n,2,2,1/6/2020,20200106,1,1,January,Jan,1,2020,202001,7,3,2020,n,1/11/2019
20200112,1/12/2020,7,12,12,Sunday,Sun,n,2,2,1/6/2020,20200106,1,1,January,Jan,1,2020,202001,7,3,2020,n,1/12/2019
20200113,1/13/2020,1,13,13,Monday,Mon,y,3,3,1/13/2020,20200113,1,1,January,Jan,1,2020,202001,7,3,2020,n,1/13/2019
20200114,1/14/2020,2,14,14,Tuesday,Tue,y,3,3,1/13/2020,20200113,1,1,January,Jan,1,2020,202001,7,3,2020,n,1/14/2019
20200115,1/15/2020,3,15,15,Wednesday,Wed,y,3,3,1/13/2020,20200113,1,1,January,Jan,1,2020,202001,7,3,2020,n,1/15/2019
20200116,1/16/2020,4,16,16,Thursday,Thu,y,3,3,1/13/2020,20200113,1,1,January,Jan,1,2020,202001,7,3,2020,n,1/16/2019
20200117,1/17/2020,5,17,17,Friday,Fri,y,3,3,1/13/2020,20200113,1,1,January,Jan,1,2020,202001,7,3,2020,n,1/17/2019
20200118,1/18/2020,6,18,18,Saturday,Sat,n,3,3,1/13/2020,20200113,1,1,January,Jan,1,2020,202001,7,3,2020,n,1/18/2019
20200119,1/19/2020,7,19,19,Sunday,Sun,n,3,3,1/13/2020,20200113,1,1,January,Jan,1,2020,202001,7,3,2020,n,1/19/2019
20200120,1/20/2020,1,20,20,Monday,Mon,y,4,4,1/20/2020,20200120,1,1,January,Jan,1,2020,202001,7,3,2020,n,1/20/2019
20200121,1/21/2020,2,21,21,Tuesday,Tue,y,4,4,1/20/2020,20200120,1,1,January,Jan,1,2020,202001,7,3,2020,n,1/21/2019
20200122,1/22/2020,3,22,22,Wednesday,Wed,y,4,4,1/20/2020,20200120,1,1,January,Jan,1,2020,202001,7,3,2020,n,1/22/2019
20200123,1/23/2020,4,23,23,Thursday,Thu,y,4,4,1/20/2020,20200120,1,1,January,Jan,1,2020,202001,7,3,2020,n,1/23/2019
20200124,1/24/2020,5,24,24,Friday,Fri,y,4,4,1/20/2020,20200120,1,1,January,Jan,1,2020,202001,7,3,2020,n,1/24/2019
20200125,1/25/2020,6,25,25,Saturday,Sat,n,4,4,1/20/2020,20200120,1,1,January,Jan,1,2020,202001,7,3,2020,n,1/25/2019
20200126,1/26/2020,7,26,26,Sunday,Sun,n,4,4,1/20/2020,20200120,1,1,January,Jan,1,2020,202001,7,3,2020,n,1/26/2019
20200127,1/27/2020,1,27,27,Monday,Mon,y,5,5,1/27/2020,20200127,1,1,January,Jan,1,2020,202001,7,3,2020,n,1/27/2019
20200128,1/28/2020,2,28,28,Tuesday,Tue,y,5,5,1/27/2020,20200127,1,1,January,Jan,1,2020,202001,7,3,2020,n,1/28/2019
20200129,1/29/2020,3,29,29,Wednesday,Wed,y,5,5,1/27/2020,20200127,1,1,January,Jan,1,2020,202001,7,3,2020,n,1/29/2019
20200130,1/30/2020,4,30,30,Thursday,Thu,y,5,5,1/27/2020,20200127,1,1,January,Jan,1,2020,202001,7,3,2020,n,1/30/2019
20200131,1/31/2020,5,31,31,Friday,Fri,y,5,5,1/27/2020,20200127,1,1,January,Jan,1,2020,202001,7,3,2020,m,1/31/2019
20200201,2/1/2020,6,1,32,Saturday,Sat,n,5,5,1/27/2020,20200127,2,2,February,Feb,1,2020,202002,8,3,2020,n,2/1/2019
20200202,2/2/2020,7,2,33,Sunday,Sun,n,5,5,1/27/2020,20200127,2,2,February,Feb,1,2020,202002,8,3,2020,n,2/2/2019
20200203,2/3/2020,1,3,34,Monday,Mon,y,6,6,2/3/2020,20200203,2,2,February,Feb,1,2020,202002,8,3,2020,n,2/3/2019
20200204,2/4/2020,2,4,35,Tuesday,Tue,y,6,6,2/3/2020,20200203,2,2,February,Feb,1,2020,202002,8,3,2020,n,2/4/2019
20200205,2/5/2020,3,5,36,Wednesday,Wed,y,6,6,2/3/2020,20200203,2,2,February,Feb,1,2020,202002,8,3,2020,n,2/5/2019
20200206,2/6/2020,4,6,37,Thursday,Thu,y,6,6,2/3/2020,20200203,2,2,February,Feb,1,2020,202002,8,3,2020,n,2/6/2019
20200207,2/7/2020,5,7,38,Friday,Fri,y,6,6,2/3/2020,20200203,2,2,February,Feb,1,2020,202002,8,3,2020,n,2/7/2019
20200208,2/8/2020,6,8,39,Saturday,Sat,n,6,6,2/3/2020,20200203,2,2,February,Feb,1,2020,202002,8,3,2020,n,2/8/2019
20200209,2/9/2020,7,9,40,Sunday,Sun,n,6,6,2/3/2020,20200203,2,2,February,Feb,1,2020,202002,8,3,2020,n,2/9/2019
20200210,2/10/2020,1,10,41,Monday,Mon,y,7,7,2/10/2020,20200210,2,2,February,Feb,1,2020,202002,8,3,2020,n,2/10/2019
20200211,2/11/2020,2,11,42,Tuesday,Tue,y,7,7,2/10/2020,20200210,2,2,February,Feb,1,2020,202002,8,3,2020,n,2/11/2019
20200212,2/12/2020,3,12,43,Wednesday,Wed,y,7,7,2/10/2020,20200210,2,2,February,Feb,1,2020,202002,8,3,2020,n,2/12/2019
20200213,2/13/2020,4,13,44,Thursday,Thu,y,7,7,2/10/2020,20200210,2,2,February,Feb,1,2020,202002,8,3,2020,n,2/13/2019
20200214,2/14/2020,5,14,45,Friday,Fri,y,7,7,2/10/2020,20200210,2,2,February,Feb,1,2020,202002,8,3,2020,n,2/14/2019
20200215,2/15/2020,6,15,46,Saturday,Sat,n,7,7,2/10/2020,20200210,2,2,February,Feb,1,2020,202002,8,3,2020,n,2/15/2019
20200216,2/16/2020,7,16,47,Sunday,Sun,n,7,7,2/10/2020,20200210,2,2,February,Feb,1,2020,202002,8,3,2020,n,2/16/2019
20200217,2/17/2020,1,17,48,Monday,Mon,y,8,8,2/17/2020,20200217,2,2,February,Feb,1,2020,202002,8,3,2020,n,2/17/2019
20200218,2/18/2020,2,18,49,Tuesday,Tue,y,8,8,2/17/2020,20200217,2,2,February,Feb,1,2020,202002,8,3,2020,n,2/18/2019
20200219,2/19/2020,3,19,50,Wednesday,Wed,y,8,8,2/17/2020,20200217,2,2,February,Feb,1,2020,202002,8,3,2020,n,2/19/2019
20200220,2/20/2020,4,20,51,Thursday,Thu,y,8,8,2/17/2020,20200217,2,2,February,Feb,1,2020,202002,8,3,2020,n,2/20/2019
20200221,2/21/2020,5,21,52,Friday,Fri,y,8,8,2/17/2020,20200217,2,2,February,Feb,1,2020,202002,8,3,2020,n,2/21/2019
20200222,2/22/2020,6,22,53,Saturday,Sat,n,8,8,2/17/2020,20200217,2,2,February,Feb,1,2020,202002,8,3,2020,n,2/22/2019
20200223,2/23/2020,7,23,54,Sunday,Sun,n,8,8,2/17/2020,20200217,2,2,February,Feb,1,2020,202002,8,3,2020,n,2/23/2019
20200224,2/24/2020,1,24,55,Monday,Mon,y,9,9,2/24/2020,20200224,2,2,February,Feb,1,2020,202002,8,3,2020,n,2/24/2019
20200225,2/25/2020,2,25,56,Tuesday,Tue,y,9,9,2/24/2020,20200224,2,2,February,Feb,1,2020,202002,8,3,2020,n,2/25/2019
20200226,2/26/2020,3,26,57,Wednesday,Wed,y,9,9,2/24/2020,20200224,2,2,February,Feb,1,2020,202002,8,3,2020,n,2/26/2019
20200227,2/27/2020,4,27,58,Thursday,Thu,y,9,9,2/24/2020,20200224,2,2,February,Feb,1,2020,202002,8,3,2020,n,2/27/2019
20200228,2/28/2020,5,28,59,Friday,Fri,y,9,9,2/24/2020,20200224,2,2,February,Feb,1,2020,202002,8,3,2020,n,2/28/2019
20200229,2/29/2020,6,29,60,Saturday,Sat,n,9,9,2/24/2020,20200224,2,2,February,Feb,1,2020,202002,8,3,2020,m,3/1/2019
20200301,3/1/2020,7,1,61,Sunday,Sun,n,9,9,2/24/2020,20200224,3,3,March,Mar,1,2020,202003,9,3,2020,n,3/1/2019
20200302,3/2/2020,1,2,62,Monday,Mon,y,10,10,3/2/2020,20200302,3,3,March,Mar,1,2020,202003,9,3,2020,n,3/2/2019
20200303,3/3/2020,2,3,63,Tuesday,Tue,y,10,10,3/2/2020,20200302,3,3,March,Mar,1,2020,202003,9,3,2020,n,3/3/2019
20200304,3/4/2020,3,4,64,Wednesday,Wed,y,10,10,3/2/2020,20200302,3,3,March,Mar,1,2020,202003,9,3,2020,n,3/4/2019
20200305,3/5/2020,4,5,65,Thursday,Thu,y,10,10,3/2/2020,20200302,3,3,March,Mar,1,2020,202003,9,3,2020,n,3/5/2019
20200306,3/6/2020,5,6,66,Friday,Fri,y,10,10,3/2/2020,20200302,3,3,March,Mar,1,2020,202003,9,3,2020,n,3/6/2019
20200307,3/7/2020,6,7,67,Saturday,Sat,n,10,10,3/2/2020,20200302,3,3,March,Mar,1,2020,202003,9,3,2020,n,3/7/2019
20200308,3/8/2020,7,8,68,Sunday,Sun,n,10,10,3/2/2020,20200302,3,3,March,Mar,1,2020,202003,9,3,2020,n,3/8/2019
20200309,3/9/2020,1,9,69,Monday,Mon,y,11,11,3/9/2020,20200309,3,3,March,Mar,1,2020,202003,9,3,2020,n,3/9/2019
20200310,3/10/2020,2,10,70,Tuesday,Tue,y,11,11,3/9/2020,20200309,3,3,March,Mar,1,2020,202003,9,3,2020,n,3/10/2019
20200311,3/11/2020,3,11,71,Wednesday,Wed,y,11,11,3/9/2020,20200309,3,3,March,Mar,1,2020,202003,9,3,2020,n,3/11/2019
20200312,3/12/2020,4,12,72,Thursday,Thu,y,11,11,3/9/2020,20200309,3,3,March,Mar,1,2020,202003,9,3,2020,n,3/12/2019
20200313,3/13/2020,5,13,73,Friday,Fri,y,11,11,3/9/2020,20200309,3,3,March,Mar,1,2020,202003,9,3,2020,n,3/13/2019
20200314,3/14/2020,6,14,74,Saturday,Sat,n,11,11,3/9/2020,20200309,3,3,March,Mar,1,2020,202003,9,3,2020,n,3/14/2019
20200315,3/15/2020,7,15,75,Sunday,Sun,n,11,11,3/9/2020,20200309,3,3,March,Mar,1,2020,202003,9,3,2020,n,3/15/2019
20200316,3/16/2020,1,16,76,Monday,Mon,y,12,12,3/16/2020,20200316,3,3,March,Mar,1,2020,202003,9,3,2020,n,3/16/2019
20200317,3/17/2020,2,17,77,Tuesday,Tue,y,12,12,3/16/2020,20200316,3,3,March,Mar,1,2020,202003,9,3,2020,n,3/17/2019
20200318,3/18/2020,3,18,78,Wednesday,Wed,y,12,12,3/16/2020,20200316,3,3,March,Mar,1,2020,202003,9,3,2020,n,3/18/2019
20200319,3/19/2020,4,19,79,Thursday,Thu,y,12,12,3/16/2020,20200316,3,3,March,Mar,1,2020,202003,9,3,2020,n,3/19/2019
20200320,3/20/2020,5,20,80,Friday,Fri,y,12,12,3/16/2020,20200316,3,3,March,Mar,1,2020,202003,9,3,2020,n,3/20/2019
20200321,3/21/2020,6,21,81,Saturday,Sat,n,12,12,3/16/2020,20200316,3,3,March,Mar,1,2020,202003,9,3,2020,n,3/21/2019
20200322,3/22/2020,7,22,82,Sunday,Sun,n,12,12,3/16/2020,20200316,3,3,March,Mar,1,2020,202003,9,3,2020,n,3/22/2019
20200323,3/23/2020,1,23,83,Monday,Mon,y,13,13,3/23/2020,20200323,3,3,March,Mar,1,2020,202003,9,3,2020,n,3/23/2019
20200324,3/24/2020,2,24,84,Tuesday,Tue,y,13,13,3/23/2020,20200323,3,3,March,Mar,1,2020,202003,9,3,2020,n,3/24/2019
20200325,3/25/2020,3,25,85,Wednesday,Wed,y,13,13,3/23/2020,20200323,3,3,March,Mar,1,2020,202003,9,3,2020,n,3/25/2019
20200326,3/26/2020,4,26,86,Thursday,Thu,y,13,13,3/23/2020,20200323,3,3,March,Mar,1,2020,202003,9,3,2020,n,3/26/2019
20200327,3/27/2020,5,27,87,Friday,Fri,y,13,13,3/23/2020,20200323,3,3,March,Mar,1,2020,202003,9,3,2020,n,3/27/2019
20200328,3/28/2020,6,28,88,Saturday,Sat,n,13,13,3/23/2020,20200323,3,3,March,Mar,1,2020,202003,9,3,2020,n,3/28/2019
20200329,3/29/2020,7,29,89,Sunday,Sun,n,13,13,3/23/2020,20200323,3,3,March,Mar,1,2020,202003,9,3,2020,n,3/29/2019
20200330,3/30/2020,1,30,90,Monday,Mon,y,14,14,3/30/2020,20200330,3,3,March,Mar,1,2020,202003,9,3,2020,n,3/30/2019
20200331,3/31/2020,2,31,91,Tuesday,Tue,y,14,14,3/30/2020,20200330,3,3,March,Mar,1,2020,202003,9,3,2020,m,3/31/2019
20200401,4/1/2020,3,1,92,Wednesday,Wed,y,14,14,3/30/2020,20200330,4,4,April,Apr,2,2020,202004,10,4,2020,n,4/1/2019
20200402,4/2/2020,4,2,93,Thursday,Thu,y,14,14,3/30/2020,20200330,4,4,April,Apr,2,2020,202004,10,4,2020,n,4/2/2019
20200403,4/3/2020,5,3,94,Friday,Fri,y,14,14,3/30/2020,20200330,4,4,April,Apr,2,2020,202004,10,4,2020,n,4/3/2019
20200404,4/4/2020,6,4,95,Saturday,Sat,n,14,14,3/30/2020,20200330,4,4,April,Apr,2,2020,202004,10,4,2020,n,4/4/2019
20200405,4/5/2020,7,5,96,Sunday,Sun,n,14,14,3/30/2020,20200330,4,4,April,Apr,2,2020,202004,10,4,2020,n,4/5/2019
20200406,4/6/2020,1,6,97,Monday,Mon,y,15,15,4/6/2020,20200406,4,4,April,Apr,2,2020,202004,10,4,2020,n,4/6/2019
20200407,4/7/2020,2,7,98,Tuesday,Tue,y,15,15,4/6/2020,20200406,4,4,April,Apr,2,2020,202004,10,4,2020,n,4/7/2019
20200408,4/8/2020,3,8,99,Wednesday,Wed,y,15,15,4/6/2020,20200406,4,4,April,Apr,2,2020,202004,10,4,2020,n,4/8/2019
20200409,4/9/2020,4,9,100,Thursday,Thu,y,15,15,4/6/2020,20200406,4,4,April,Apr,2,2020,202004,10,4,2020,n,4/9/2019
20200410,4/10/2020,5,10,101,Friday,Fri,y,15,15,4/6/2020,20200406,4,4,April,Apr,2,2020,202004,10,4,2020,n,4/10/2019
20200411,4/11/2020,6,11,102,Saturday,Sat,n,15,15,4/6/2020,20200406,4,4,April,Apr,2,2020,202004,10,4,2020,n,4/11/2019
20200412,4/12/2020,7,12,103,Sunday,Sun,n,15,15,4/6/2020,20200406,4,4,April,Apr,2,2020,202004,10,4,2020,n,4/12/2019
20200413,4/13/2020,1,13,104,Monday,Mon,y,16,16,4/13/2020,20200413,4,4,April,Apr,2,2020,202004,10,4,2020,n,4/13/2019
20200414,4/14/2020,2,14,105,Tuesday,Tue,y,16,16,4/13/2020,20200413,4,4,April,Apr,2,2020,202004,10,4,2020,n,4/14/2019
20200415,4/15/2020,3,15,106,Wednesday,Wed,y,16,16,4/13/2020,20200413,4,4,April,Apr,2,2020,202004,10,4,2020,n,4/15/2019
20200416,4/16/2020,4,16,107,Thursday,Thu,y,16,16,4/13/2020,20200413,4,4,April,Apr,2,2020,202004,10,4,2020,n,4/16/2019
20200417,4/17/2020,5,17,108,Friday,Fri,y,16,16,4/13/2020,20200413,4,4,April,Apr,2,2020,202004,10,4,2020,n,4/17/2019
20200418,4/18/2020,6,18,109,Saturday,Sat,n,16,16,4/13/2020,20200413,4,4,April,Apr,2,2020,202004,10,4,2020,n,4/18/2019
20200419,4/19/2020,7,19,110,Sunday,Sun,n,16,16,4/13/2020,20200413,4,4,April,Apr,2,2020,202004,10,4,2020,n,4/19/2019
20200420,4/20/2020,1,20,111,Monday,Mon,y,17,17,4/20/2020,20200420,4,4,April,Apr,2,2020,202004,10,4,2020,n,4/20/2019
20200421,4/21/2020,2,21,112,Tuesday,Tue,y,17,17,4/20/2020,20200420,4,4,April,Apr,2,2020,202004,10,4,2020,n,4/21/2019
20200422,4/22/2020,3,22,113,Wednesday,Wed,y,17,17,4/20/2020,20200420,4,4,April,Apr,2,2020,202004,10,4,2020,n,4/22/2019
20200423,4/23/2020,4,23,114,Thursday,Thu,y,17,17,4/20/2020,20200420,4,4,April,Apr,2,2020,202004,10,4,2020,n,4/23/2019
20200424,4/24/2020,5,24,115,Friday,Fri,y,17,17,4/20/2020,20200420,4,4,April,Apr,2,2020,202004,10,4,2020,n,4/24/2019
20200425,4/25/2020,6,25,116,Saturday,Sat,n,17,17,4/20/2020,20200420,4,4,April,Apr,2,2020,202004,10,4,2020,n,4/25/2019
20200426,4/26/2020,7,26,117,Sunday,Sun,n,17,17,4/20/2020,20200420,4,4,April,Apr,2,2020,202004,10,4,2020,n,4/26/2019
20200427,4/27/2020,1,27,118,Monday,Mon,y,18,18,4/27/2020,20200427,4,4,April,Apr,2,2020,202004,10,4,2020,n,4/27/2019
20200428,4/28/2020,2,28,119,Tuesday,Tue,y,18,18,4/27/2020,20200427,4,4,April,Apr,2,2020,202004,10,4,2020,n,4/28/2019
20200429,4/29/2020,3,29,120,Wednesday,Wed,y,18,18,4/27/2020,20200427,4,4,April,Apr,2,2020,202004,10,4,2020,n,4/29/2019
20200430,4/30/2020,4,30,121,Thursday,Thu,y,18,18,4/27/2020,20200427,4,4,April,Apr,2,2020,202004,10,4,2020,m,4/30/2019
20200501,5/1/2020,5,1,122,Friday,Fri,y,18,18,4/27/2020,20200427,5,5,May,May,2,2020,202005,11,4,2020,n,5/1/2019
20200502,5/2/2020,6,2,123,Saturday,Sat,n,18,18,4/27/2020,20200427,5,5,May,May,2,2020,202005,11,4,2020,n,5/2/2019
20200503,5/3/2020,7,3,124,Sunday,Sun,n,18,18,4/27/2020,20200427,5,5,May,May,2,2020,202005,11,4,2020,n,5/3/2019
20200504,5/4/2020,1,4,125,Monday,Mon,y,19,19,5/4/2020,20200504,5,5,May,May,2,2020,202005,11,4,2020,n,5/4/2019
20200505,5/5/2020,2,5,126,Tuesday,Tue,y,19,19,5/4/2020,20200504,5,5,May,May,2,2020,202005,11,4,2020,n,5/5/2019
20200506,5/6/2020,3,6,127,Wednesday,Wed,y,19,19,5/4/2020,20200504,5,5,May,May,2,2020,202005,11,4,2020,n,5/6/2019
20200507,5/7/2020,4,7,128,Thursday,Thu,y,19,19,5/4/2020,20200504,5,5,May,May,2,2020,202005,11,4,2020,n,5/7/2019
20200508,5/8/2020,5,8,129,Friday,Fri,y,19,19,5/4/2020,20200504,5,5,May,May,2,2020,202005,11,4,2020,n,5/8/2019
20200509,5/9/2020,6,9,130,Saturday,Sat,n,19,19,5/4/2020,20200504,5,5,May,May,2,2020,202005,11,4,2020,n,5/9/2019
20200510,5/10/2020,7,10,131,Sunday,Sun,n,19,19,5/4/2020,20200504,5,5,May,May,2,2020,202005,11,4,2020,n,5/10/2019
20200511,5/11/2020,1,11,132,Monday,Mon,y,20,20,5/11/2020,20200511,5,5,May,May,2,2020,202005,11,4,2020,n,5/11/2019
20200512,5/12/2020,2,12,133,Tuesday,Tue,y,20,20,5/11/2020,20200511,5,5,May,May,2,2020,202005,11,4,2020,n,5/12/2019
20200513,5/13/2020,3,13,134,Wednesday,Wed,y,20,20,5/11/2020,20200511,5,5,May,May,2,2020,202005,11,4,2020,n,5/13/2019
20200514,5/14/2020,4,14,135,Thursday,Thu,y,20,20,5/11/2020,20200511,5,5,May,May,2,2020,202005,11,4,2020,n,5/14/2019
20200515,5/15/2020,5,15,136,Friday,Fri,y,20,20,5/11/2020,20200511,5,5,May,May,2,2020,202005,11,4,2020,n,5/15/2019
20200516,5/16/2020,6,16,137,Saturday,Sat,n,20,20,5/11/2020,20200511,5,5,May,May,2,2020,202005,11,4,2020,n,5/16/2019
20200517,5/17/2020,7,17,138,Sunday,Sun,n,20,20,5/11/2020,20200511,5,5,May,May,2,2020,202005,11,4,2020,n,5/17/2019
20200518,5/18/2020,1,18,139,Monday,Mon,y,21,21,5/18/2020,20200518,5,5,May,May,2,2020,202005,11,4,2020,n,5/18/2019
20200519,5/19/2020,2,19,140,Tuesday,Tue,y,21,21,5/18/2020,20200518,5,5,May,May,2,2020,202005,11,4,2020,n,5/19/2019
20200520,5/20/2020,3,20,141,Wednesday,Wed,y,21,21,5/18/2020,20200518,5,5,May,May,2,2020,202005,11,4,2020,n,5/20/2019
20200521,5/21/2020,4,21,142,Thursday,Thu,y,21,21,5/18/2020,20200518,5,5,May,May,2,2020,202005,11,4,2020,n,5/21/2019
20200522,5/22/2020,5,22,143,Friday,Fri,y,21,21,5/18/2020,20200518,5,5,May,May,2,2020,202005,11,4,2020,n,5/22/2019
20200523,5/23/2020,6,23,144,Saturday,Sat,n,21,21,5/18/2020,20200518,5,5,May,May,2,2020,202005,11,4,2020,n,5/23/2019
20200524,5/24/2020,7,24,145,Sunday,Sun,n,21,21,5/18/2020,20200518,5,5,May,May,2,2020,202005,11,4,2020,n,5/24/2019
20200525,5/25/2020,1,25,146,Monday,Mon,y,22,22,5/25/2020,20200525,5,5,May,May,2,2020,202005,11,4,2020,n,5/25/2019
20200526,5/26/2020,2,26,147,Tuesday,Tue,y,22,22,5/25/2020,20200525,5,5,May,May,2,2020,202005,11,4,2020,n,5/26/2019
20200527,5/27/2020,3,27,148,Wednesday,Wed,y,22,22,5/25/2020,20200525,5,5,May,May,2,2020,202005,11,4,2020,n,5/27/2019
20200528,5/28/2020,4,28,149,Thursday,Thu,y,22,22,5/25/2020,20200525,5,5,May,May,2,2020,202005,11,4,2020,n,5/28/2019
20200529,5/29/2020,5,29,150,Friday,Fri,y,22,22,5/25/2020,20200525,5,5,May,May,2,2020,202005,11,4,2020,n,5/29/2019
20200530,5/30/2020,6,30,151,Saturday,Sat,n,22,22,5/25/2020,20200525,5,5,May,May,2,2020,202005,11,4,2020,n,5/30/2019
20200531,5/31/2020,7,31,152,Sunday,Sun,n,22,22,5/25/2020,20200525,5,5,May,May,2,2020,202005,11,4,2020,m,5/31/2019
20200601,6/1/2020,1,1,153,Monday,Mon,y,23,23,6/1/2020,20200601,6,6,June,Jun,2,2020,202006,12,4,2020,n,6/1/2019
20200602,6/2/2020,2,2,154,Tuesday,Tue,y,23,23,6/1/2020,20200601,6,6,June,Jun,2,2020,202006,12,4,2020,n,6/2/2019
20200603,6/3/2020,3,3,155,Wednesday,Wed,y,23,23,6/1/2020,20200601,6,6,June,Jun,2,2020,202006,12,4,2020,n,6/3/2019
20200604,6/4/2020,4,4,156,Thursday,Thu,y,23,23,6/1/2020,20200601,6,6,June,Jun,2,2020,202006,12,4,2020,n,6/4/2019
20200605,6/5/2020,5,5,157,Friday,Fri,y,23,23,6/1/2020,20200601,6,6,June,Jun,2,2020,202006,12,4,2020,n,6/5/2019
20200606,6/6/2020,6,6,158,Saturday,Sat,n,23,23,6/1/2020,20200601,6,6,June,Jun,2,2020,202006,12,4,2020,n,6/6/2019
20200607,6/7/2020,7,7,159,Sunday,Sun,n,23,23,6/1/2020,20200601,6,6,June,Jun,2,2020,202006,12,4,2020,n,6/7/2019
20200608,6/8/2020,1,8,160,Monday,Mon,y,24,24,6/8/2020,20200608,6,6,June,Jun,2,2020,202006,12,4,2020,n,6/8/2019
20200609,6/9/2020,2,9,161,Tuesday,Tue,y,24,24,6/8/2020,20200608,6,6,June,Jun,2,2020,202006,12,4,2020,n,6/9/2019
20200610,6/10/2020,3,10,162,Wednesday,Wed,y,24,24,6/8/2020,20200608,6,6,June,Jun,2,2020,202006,12,4,2020,n,6/10/2019
20200611,6/11/2020,4,11,163,Thursday,Thu,y,24,24,6/8/2020,20200608,6,6,June,Jun,2,2020,202006,12,4,2020,n,6/11/2019
20200612,6/12/2020,5,12,164,Friday,Fri,y,24,24,6/8/2020,20200608,6,6,June,Jun,2,2020,202006,12,4,2020,n,6/12/2019
20200613,6/13/2020,6,13,165,Saturday,Sat,n,24,24,6/8/2020,20200608,6,6,June,Jun,2,2020,202006,12,4,2020,n,6/13/2019
20200614,6/14/2020,7,14,166,Sunday,Sun,n,24,24,6/8/2020,20200608,6,6,June,Jun,2,2020,202006,12,4,2020,n,6/14/2019
20200615,6/15/2020,1,15,167,Monday,Mon,y,25,25,6/15/2020,20200615,6,6,June,Jun,2,2020,202006,12,4,2020,n,6/15/2019
20200616,6/16/2020,2,16,168,Tuesday,Tue,y,25,25,6/15/2020,20200615,6,6,June,Jun,2,2020,202006,12,4,2020,n,6/16/2019
20200617,6/17/2020,3,17,169,Wednesday,Wed,y,25,25,6/15/2020,20200615,6,6,June,Jun,2,2020,202006,12,4,2020,n,6/17/2019
20200618,6/18/2020,4,18,170,Thursday,Thu,y,25,25,6/15/2020,20200615,6,6,June,Jun,2,2020,202006,12,4,2020,n,6/18/2019
20200619,6/19/2020,5,19,171,Friday,Fri,y,25,25,6/15/2020,20200615,6,6,June,Jun,2,2020,202006,12,4,2020,n,6/19/2019
20200620,6/20/2020,6,20,172,Saturday,Sat,n,25,25,6/15/2020,20200615,6,6,June,Jun,2,2020,202006,12,4,2020,n,6/20/2019
20200621,6/21/2020,7,21,173,Sunday,Sun,n,25,25,6/15/2020,20200615,6,6,June,Jun,2,2020,202006,12,4,2020,n,6/21/2019
20200622,6/22/2020,1,22,174,Monday,Mon,y,26,26,6/22/2020,20200622,6,6,June,Jun,2,2020,202006,12,4,2020,n,6/22/2019
20200623,6/23/2020,2,23,175,Tuesday,Tue,y,26,26,6/22/2020,20200622,6,6,June,Jun,2,2020,202006,12,4,2020,n,6/23/2019
20200624,6/24/2020,3,24,176,Wednesday,Wed,y,26,26,6/22/2020,20200622,6,6,June,Jun,2,2020,202006,12,4,2020,n,6/24/2019
20200625,6/25/2020,4,25,177,Thursday,Thu,y,26,26,6/22/2020,20200622,6,6,June,Jun,2,2020,202006,12,4,2020,n,6/25/2019
20200626,6/26/2020,5,26,178,Friday,Fri,y,26,26,6/22/2020,20200622,6,6,June,Jun,2,2020,202006,12,4,2020,n,6/26/2019
20200627,6/27/2020,6,27,179,Saturday,Sat,n,26,26,6/22/2020,20200622,6,6,June,Jun,2,2020,202006,12,4,2020,n,6/27/2019
20200628,6/28/2020,7,28,180,Sunday,Sun,n,26,26,6/22/2020,20200622,6,6,June,Jun,2,2020,202006,12,4,2020,n,6/28/2019
20200629,6/29/2020,1,29,181,Monday,Mon,y,27,27,6/29/2020,20200629,6,6,June,Jun,2,2020,202006,12,4,2020,n,6/29/2019
20200630,6/30/2020,2,30,182,Tuesday,Tue,y,27,27,6/29/2020,20200629,6,6,June,Jun,2,2020,202006,12,4,2020,m,6/30/2019
20200701,7/1/2020,3,1,183,Wednesday,Wed,y,27,27,6/29/2020,20200629,7,7,July,Jul,3,2020,202007,1,1,2021,n,7/1/2019
20200702,7/2/2020,4,2,184,Thursday,Thu,y,27,27,6/29/2020,20200629,7,7,July,Jul,3,2020,202007,1,1,2021,n,7/2/2019
20200703,7/3/2020,5,3,185,Friday,Fri,y,27,27,6/29/2020,20200629,7,7,July,Jul,3,2020,202007,1,1,2021,n,7/3/2019
20200704,7/4/2020,6,4,186,Saturday,Sat,n,27,27,6/29/2020,20200629,7,7,July,Jul,3,2020,202007,1,1,2021,n,7/4/2019
20200705,7/5/2020,7,5,187,Sunday,Sun,n,27,27,6/29/2020,20200629,7,7,July,Jul,3,2020,202007,1,1,2021,n,7/5/2019
20200706,7/6/2020,1,6,188,Monday,Mon,y,28,28,7/6/2020,20200706,7,7,July,Jul,3,2020,202007,1,1,2021,n,7/6/2019
20200707,7/7/2020,2,7,189,Tuesday,Tue,y,28,28,7/6/2020,20200706,7,7,July,Jul,3,2020,202007,1,1,2021,n,7/7/2019
20200708,7/8/2020,3,8,190,Wednesday,Wed,y,28,28,7/6/2020,20200706,7,7,July,Jul,3,2020,202007,1,1,2021,n,7/8/2019
20200709,7/9/2020,4,9,191,Thursday,Thu,y,28,28,7/6/2020,20200706,7,7,July,Jul,3,2020,202007,1,1,2021,n,7/9/2019
20200710,7/10/2020,5,10,192,Friday,Fri,y,28,28,7/6/2020,20200706,7,7,July,Jul,3,2020,202007,1,1,2021,n,7/10/2019
20200711,7/11/2020,6,11,193,Saturday,Sat,n,28,28,7/6/2020,20200706,7,7,July,Jul,3,2020,202007,1,1,2021,n,7/11/2019
20200712,7/12/2020,7,12,194,Sunday,Sun,n,28,28,7/6/2020,20200706,7,7,July,Jul,3,2020,202007,1,1,2021,n,7/12/2019
20200713,7/13/2020,1,13,195,Monday,Mon,y,29,29,7/13/2020,20200713,7,7,July,Jul,3,2020,202007,1,1,2021,n,7/13/2019
20200714,7/14/2020,2,14,196,Tuesday,Tue,y,29,29,7/13/2020,20200713,7,7,July,Jul,3,2020,202007,1,1,2021,n,7/14/2019
20200715,7/15/2020,3,15,197,Wednesday,Wed,y,29,29,7/13/2020,20200713,7,7,July,Jul,3,2020,202007,1,1,2021,n,7/15/2019
20200716,7/16/2020,4,16,198,Thursday,Thu,y,29,29,7/13/2020,20200713,7,7,July,Jul,3,2020,202007,1,1,2021,n,7/16/2019
20200717,7/17/2020,5,17,199,Friday,Fri,y,29,29,7/13/2020,20200713,7,7,July,Jul,3,2020,202007,1,1,2021,n,7/17/2019
20200718,7/18/2020,6,18,200,Saturday,Sat,n,29,29,7/13/2020,20200713,7,7,July,Jul,3,2020,202007,1,1,2021,n,7/18/2019
20200719,7/19/2020,7,19,201,Sunday,Sun,n,29,29,7/13/2020,20200713,7,7,July,Jul,3,2020,202007,1,1,2021,n,7/19/2019
20200720,7/20/2020,1,20,202,Monday,Mon,y,30,30,7/20/2020,20200720,7,7,July,Jul,3,2020,202007,1,1,2021,n,7/20/2019
20200721,7/21/2020,2,21,203,Tuesday,Tue,y,30,30,7/20/2020,20200720,7,7,July,Jul,3,2020,202007,1,1,2021,n,7/21/2019
20200722,7/22/2020,3,22,204,Wednesday,Wed,y,30,30,7/20/2020,20200720,7,7,July,Jul,3,2020,202007,1,1,2021,n,7/22/2019
20200723,7/23/2020,4,23,205,Thursday,Thu,y,30,30,7/20/2020,20200720,7,7,July,Jul,3,2020,202007,1,1,2021,n,7/23/2019
20200724,7/24/2020,5,24,206,Friday,Fri,y,30,30,7/20/2020,20200720,7,7,July,Jul,3,2020,202007,1,1,2021,n,7/24/2019
20200725,7/25/2020,6,25,207,Saturday,Sat,n,30,30,7/20/2020,20200720,7,7,July,Jul,3,2020,202007,1,1,2021,n,7/25/2019
20200726,7/26/2020,7,26,208,Sunday,Sun,n,30,30,7/20/2020,20200720,7,7,July,Jul,3,2020,202007,1,1,2021,n,7/26/2019
20200727,7/27/2020,1,27,209,Monday,Mon,y,31,31,7/27/2020,20200727,7,7,July,Jul,3,2020,202007,1,1,2021,n,7/27/2019
20200728,7/28/2020,2,28,210,Tuesday,Tue,y,31,31,7/27/2020,20200727,7,7,July,Jul,3,2020,202007,1,1,2021,n,7/28/2019
20200729,7/29/2020,3,29,211,Wednesday,Wed,y,31,31,7/27/2020,20200727,7,7,July,Jul,3,2020,202007,1,1,2021,n,7/29/2019
20200730,7/30/2020,4,30,212,Thursday,Thu,y,31,31,7/27/2020,20200727,7,7,July,Jul,3,2020,202007,1,1,2021,n,7/30/2019
20200731,7/31/2020,5,31,213,Friday,Fri,y,31,31,7/27/2020,20200727,7,7,July,Jul,3,2020,202007,1,1,2021,m,7/31/2019
20200801,8/1/2020,6,1,214,Saturday,Sat,n,31,31,7/27/2020,20200727,8,8,August,Aug,3,2020,202008,2,1,2021,n,8/1/2019
20200802,8/2/2020,7,2,215,Sunday,Sun,n,31,31,7/27/2020,20200727,8,8,August,Aug,3,2020,202008,2,1,2021,n,8/2/2019
20200803,8/3/2020,1,3,216,Monday,Mon,y,32,32,8/3/2020,20200803,8,8,August,Aug,3,2020,202008,2,1,2021,n,8/3/2019
20200804,8/4/2020,2,4,217,Tuesday,Tue,y,32,32,8/3/2020,20200803,8,8,August,Aug,3,2020,202008,2,1,2021,n,8/4/2019
20200805,8/5/2020,3,5,218,Wednesday,Wed,y,32,32,8/3/2020,20200803,8,8,August,Aug,3,2020,202008,2,1,2021,n,8/5/2019
20200806,8/6/2020,4,6,219,Thursday,Thu,y,32,32,8/3/2020,20200803,8,8,August,Aug,3,2020,202008,2,1,2021,n,8/6/2019
20200807,8/7/2020,5,7,220,Friday,Fri,y,32,32,8/3/2020,20200803,8,8,August,Aug,3,2020,202008,2,1,2021,n,8/7/2019
20200808,8/8/2020,6,8,221,Saturday,Sat,n,32,32,8/3/2020,20200803,8,8,August,Aug,3,2020,202008,2,1,2021,n,8/8/2019
20200809,8/9/2020,7,9,222,Sunday,Sun,n,32,32,8/3/2020,20200803,8,8,August,Aug,3,2020,202008,2,1,2021,n,8/9/2019
20200810,8/10/2020,1,10,223,Monday,Mon,y,33,33,8/10/2020,20200810,8,8,August,Aug,3,2020,202008,2,1,2021,n,8/10/2019
20200811,8/11/2020,2,11,224,Tuesday,Tue,y,33,33,8/10/2020,20200810,8,8,August,Aug,3,2020,202008,2,1,2021,n,8/11/2019
20200812,8/12/2020,3,12,225,Wednesday,Wed,y,33,33,8/10/2020,20200810,8,8,August,Aug,3,2020,202008,2,1,2021,n,8/12/2019
20200813,8/13/2020,4,13,226,Thursday,Thu,y,33,33,8/10/2020,20200810,8,8,August,Aug,3,2020,202008,2,1,2021,n,8/13/2019
20200814,8/14/2020,5,14,227,Friday,Fri,y,33,33,8/10/2020,20200810,8,8,August,Aug,3,2020,202008,2,1,2021,n,8/14/2019
20200815,8/15/2020,6,15,228,Saturday,Sat,n,33,33,8/10/2020,20200810,8,8,August,Aug,3,2020,202008,2,1,2021,n,8/15/2019
20200816,8/16/2020,7,16,229,Sunday,Sun,n,33,33,8/10/2020,20200810,8,8,August,Aug,3,2020,202008,2,1,2021,n,8/16/2019
20200817,8/17/2020,1,17,230,Monday,Mon,y,34,34,8/17/2020,20200817,8,8,August,Aug,3,2020,202008,2,1,2021,n,8/17/2019
20200818,8/18/2020,2,18,231,Tuesday,Tue,y,34,34,8/17/2020,20200817,8,8,August,Aug,3,2020,202008,2,1,2021,n,8/18/2019
20200819,8/19/2020,3,19,232,Wednesday,Wed,y,34,34,8/17/2020,20200817,8,8,August,Aug,3,2020,202008,2,1,2021,n,8/19/2019
20200820,8/20/2020,4,20,233,Thursday,Thu,y,34,34,8/17/2020,20200817,8,8,August,Aug,3,2020,202008,2,1,2021,n,8/20/2019
20200821,8/21/2020,5,21,234,Friday,Fri,y,34,34,8/17/2020,20200817,8,8,August,Aug,3,2020,202008,2,1,2021,n,8/21/2019
20200822,8/22/2020,6,22,235,Saturday,Sat,n,34,34,8/17/2020,20200817,8,8,August,Aug,3,2020,202008,2,1,2021,n,8/22/2019
20200823,8/23/2020,7,23,236,Sunday,Sun,n,34,34,8/17/2020,20200817,8,8,August,Aug,3,2020,202008,2,1,2021,n,8/23/2019
20200824,8/24/2020,1,24,237,Monday,Mon,y,35,35,8/24/2020,20200824,8,8,August,Aug,3,2020,202008,2,1,2021,n,8/24/2019
20200825,8/25/2020,2,25,238,Tuesday,Tue,y,35,35,8/24/2020,20200824,8,8,August,Aug,3,2020,202008,2,1,2021,n,8/25/2019
20200826,8/26/2020,3,26,239,Wednesday,Wed,y,35,35,8/24/2020,20200824,8,8,August,Aug,3,2020,202008,2,1,2021,n,8/26/2019
20200827,8/27/2020,4,27,240,Thursday,Thu,y,35,35,8/24/2020,20200824,8,8,August,Aug,3,2020,202008,2,1,2021,n,8/27/2019
20200828,8/28/2020,5,28,241,Friday,Fri,y,35,35,8/24/2020,20200824,8,8,August,Aug,3,2020,202008,2,1,2021,n,8/28/2019
20200829,8/29/2020,6,29,242,Saturday,Sat,n,35,35,8/24/2020,20200824,8,8,August,Aug,3,2020,202008,2,1,2021,n,8/29/2019
20200830,8/30/2020,7,30,243,Sunday,Sun,n,35,35,8/24/2020,20200824,8,8,August,Aug,3,2020,202008,2,1,2021,n,8/30/2019
20200831,8/31/2020,1,31,244,Monday,Mon,y,36,36,8/31/2020,20200831,8,8,August,Aug,3,2020,202008,2,1,2021,m,8/31/2019
20200901,9/1/2020,2,1,245,Tuesday,Tue,y,36,36,8/31/2020,20200831,9,9,September,Sep,3,2020,202009,3,1,2021,n,9/1/2019
20200902,9/2/2020,3,2,246,Wednesday,Wed,y,36,36,8/31/2020,20200831,9,9,September,Sep,3,2020,202009,3,1,2021,n,9/2/2019
20200903,9/3/2020,4,3,247,Thursday,Thu,y,36,36,8/31/2020,20200831,9,9,September,Sep,3,2020,202009,3,1,2021,n,9/3/2019
20200904,9/4/2020,5,4,248,Friday,Fri,y,36,36,8/31/2020,20200831,9,9,September,Sep,3,2020,202009,3,1,2021,n,9/4/2019
20200905,9/5/2020,6,5,249,Saturday,Sat,n,36,36,8/31/2020,20200831,9,9,September,Sep,3,2020,202009,3,1,2021,n,9/5/2019
20200906,9/6/2020,7,6,250,Sunday,Sun,n,36,36,8/31/2020,20200831,9,9,September,Sep,3,2020,202009,3,1,2021,n,9/6/2019
20200907,9/7/2020,1,7,251,Monday,Mon,y,37,37,9/7/2020,20200907,9,9,September,Sep,3,2020,202009,3,1,2021,n,9/7/2019
20200908,9/8/2020,2,8,252,Tuesday,Tue,y,37,37,9/7/2020,20200907,9,9,September,Sep,3,2020,202009,3,1,2021,n,9/8/2019
20200909,9/9/2020,3,9,253,Wednesday,Wed,y,37,37,9/7/2020,20200907,9,9,September,Sep,3,2020,202009,3,1,2021,n,9/9/2019
20200910,9/10/2020,4,10,254,Thursday,Thu,y,37,37,9/7/2020,20200907,9,9,September,Sep,3,2020,202009,3,1,2021,n,9/10/2019
20200911,9/11/2020,5,11,255,Friday,Fri,y,37,37,9/7/2020,20200907,9,9,September,Sep,3,2020,202009,3,1,2021,n,9/11/2019
20200912,9/12/2020,6,12,256,Saturday,Sat,n,37,37,9/7/2020,20200907,9,9,September,Sep,3,2020,202009,3,1,2021,n,9/12/2019
20200913,9/13/2020,7,13,257,Sunday,Sun,n,37,37,9/7/2020,20200907,9,9,September,Sep,3,2020,202009,3,1,2021,n,9/13/2019
20200914,9/14/2020,1,14,258,Monday,Mon,y,38,38,9/14/2020,20200914,9,9,September,Sep,3,2020,202009,3,1,2021,n,9/14/2019
20200915,9/15/2020,2,15,259,Tuesday,Tue,y,38,38,9/14/2020,20200914,9,9,September,Sep,3,2020,202009,3,1,2021,n,9/15/2019
20200916,9/16/2020,3,16,260,Wednesday,Wed,y,38,38,9/14/2020,20200914,9,9,September,Sep,3,2020,202009,3,1,2021,n,9/16/2019
20200917,9/17/2020,4,17,261,Thursday,Thu,y,38,38,9/14/2020,20200914,9,9,September,Sep,3,2020,202009,3,1,2021,n,9/17/2019
20200918,9/18/2020,5,18,262,Friday,Fri,y,38,38,9/14/2020,20200914,9,9,September,Sep,3,2020,202009,3,1,2021,n,9/18/2019
20200919,9/19/2020,6,19,263,Saturday,Sat,n,38,38,9/14/2020,20200914,9,9,September,Sep,3,2020,202009,3,1,2021,n,9/19/2019
20200920,9/20/2020,7,20,264,Sunday,Sun,n,38,38,9/14/2020,20200914,9,9,September,Sep,3,2020,202009,3,1,2021,n,9/20/2019
20200921,9/21/2020,1,21,265,Monday,Mon,y,39,39,9/21/2020,20200921,9,9,September,Sep,3,2020,202009,3,1,2021,n,9/21/2019
20200922,9/22/2020,2,22,266,Tuesday,Tue,y,39,39,9/21/2020,20200921,9,9,September,Sep,3,2020,202009,3,1,2021,n,9/22/2019
20200923,9/23/2020,3,23,267,Wednesday,Wed,y,39,39,9/21/2020,20200921,9,9,September,Sep,3,2020,202009,3,1,2021,n,9/23/2019
20200924,9/24/2020,4,24,268,Thursday,Thu,y,39,39,9/21/2020,20200921,9,9,September,Sep,3,2020,202009,3,1,2021,n,9/24/2019
20200925,9/25/2020,5,25,269,Friday,Fri,y,39,39,9/21/2020,20200921,9,9,September,Sep,3,2020,202009,3,1,2021,n,9/25/2019
20200926,9/26/2020,6,26,270,Saturday,Sat,n,39,39,9/21/2020,20200921,9,9,September,Sep,3,2020,202009,3,1,2021,n,9/26/2019
20200927,9/27/2020,7,27,271,Sunday,Sun,n,39,39,9/21/2020,20200921,9,9,September,Sep,3,2020,202009,3,1,2021,n,9/27/2019
20200928,9/28/2020,1,28,272,Monday,Mon,y,40,40,9/28/2020,20200928,9,9,September,Sep,3,2020,202009,3,1,2021,n,9/28/2019
20200929,9/29/2020,2,29,273,Tuesday,Tue,y,40,40,9/28/2020,20200928,9,9,September,Sep,3,2020,202009,3,1,2021,n,9/29/2019
20200930,9/30/2020,3,30,274,Wednesday,Wed,y,40,40,9/28/2020,20200928,9,9,September,Sep,3,2020,202009,3,1,2021,m,9/30/2019
20201001,10/1/2020,4,1,275,Thursday,Thu,y,40,40,9/28/2020,20200928,10,10,October,Oct,4,2020,202010,4,2,2021,n,10/1/2019
20201002,10/2/2020,5,2,276,Friday,Fri,y,40,40,9/28/2020,20200928,10,10,October,Oct,4,2020,202010,4,2,2021,n,10/2/2019
20201003,10/3/2020,6,3,277,Saturday,Sat,n,40,40,9/28/2020,20200928,10,10,October,Oct,4,2020,202010,4,2,2021,n,10/3/2019
20201004,10/4/2020,7,4,278,Sunday,Sun,n,40,40,9/28/2020,20200928,10,10,October,Oct,4,2020,202010,4,2,2021,n,10/4/2019
20201005,10/5/2020,1,5,279,Monday,Mon,y,41,41,10/5/2020,20201005,10,10,October,Oct,4,2020,202010,4,2,2021,n,10/5/2019
20201006,10/6/2020,2,6,280,Tuesday,Tue,y,41,41,10/5/2020,20201005,10,10,October,Oct,4,2020,202010,4,2,2021,n,10/6/2019
20201007,10/7/2020,3,7,281,Wednesday,Wed,y,41,41,10/5/2020,20201005,10,10,October,Oct,4,2020,202010,4,2,2021,n,10/7/2019
20201008,10/8/2020,4,8,282,Thursday,Thu,y,41,41,10/5/2020,20201005,10,10,October,Oct,4,2020,202010,4,2,2021,n,10/8/2019
20201009,10/9/2020,5,9,283,Friday,Fri,y,41,41,10/5/2020,20201005,10,10,October,Oct,4,2020,202010,4,2,2021,n,10/9/2019
20201010,10/10/2020,6,10,284,Saturday,Sat,n,41,41,10/5/2020,20201005,10,10,October,Oct,4,2020,202010,4,2,2021,n,10/10/2019
20201011,10/11/2020,7,11,285,Sunday,Sun,n,41,41,10/5/2020,20201005,10,10,October,Oct,4,2020,202010,4,2,2021,n,10/11/2019
20201012,10/12/2020,1,12,286,Monday,Mon,y,42,42,10/12/2020,20201012,10,10,October,Oct,4,2020,202010,4,2,2021,n,10/12/2019
20201013,10/13/2020,2,13,287,Tuesday,Tue,y,42,42,10/12/2020,20201012,10,10,October,Oct,4,2020,202010,4,2,2021,n,10/13/2019
20201014,10/14/2020,3,14,288,Wednesday,Wed,y,42,42,10/12/2020,20201012,10,10,October,Oct,4,2020,202010,4,2,2021,n,10/14/2019
20201015,10/15/2020,4,15,289,Thursday,Thu,y,42,42,10/12/2020,20201012,10,10,October,Oct,4,2020,202010,4,2,2021,n,10/15/2019
20201016,10/16/2020,5,16,290,Friday,Fri,y,42,42,10/12/2020,20201012,10,10,October,Oct,4,2020,202010,4,2,2021,n,10/16/2019
20201017,10/17/2020,6,17,291,Saturday,Sat,n,42,42,10/12/2020,20201012,10,10,October,Oct,4,2020,202010,4,2,2021,n,10/17/2019
20201018,10/18/2020,7,18,292,Sunday,Sun,n,42,42,10/12/2020,20201012,10,10,October,Oct,4,2020,202010,4,2,2021,n,10/18/2019
20201019,10/19/2020,1,19,293,Monday,Mon,y,43,43,10/19/2020,20201019,10,10,October,Oct,4,2020,202010,4,2,2021,n,10/19/2019
20201020,10/20/2020,2,20,294,Tuesday,Tue,y,43,43,10/19/2020,20201019,10,10,October,Oct,4,2020,202010,4,2,2021,n,10/20/2019
20201021,10/21/2020,3,21,295,Wednesday,Wed,y,43,43,10/19/2020,20201019,10,10,October,Oct,4,2020,202010,4,2,2021,n,10/21/2019
20201022,10/22/2020,4,22,296,Thursday,Thu,y,43,43,10/19/2020,20201019,10,10,October,Oct,4,2020,202010,4,2,2021,n,10/22/2019
20201023,10/23/2020,5,23,297,Friday,Fri,y,43,43,10/19/2020,20201019,10,10,October,Oct,4,2020,202010,4,2,2021,n,10/23/2019
20201024,10/24/2020,6,24,298,Saturday,Sat,n,43,43,10/19/2020,20201019,10,10,October,Oct,4,2020,202010,4,2,2021,n,10/24/2019
20201025,10/25/2020,7,25,299,Sunday,Sun,n,43,43,10/19/2020,20201019,10,10,October,Oct,4,2020,202010,4,2,2021,n,10/25/2019
20201026,10/26/2020,1,26,300,Monday,Mon,y,44,44,10/26/2020,20201026,10,10,October,Oct,4,2020,202010,4,2,2021,n,10/26/2019
20201027,10/27/2020,2,27,301,Tuesday,Tue,y,44,44,10/26/2020,20201026,10,10,October,Oct,4,2020,202010,4,2,2021,n,10/27/2019
20201028,10/28/2020,3,28,302,Wednesday,Wed,y,44,44,10/26/2020,20201026,10,10,October,Oct,4,2020,202010,4,2,2021,n,10/28/2019
20201029,10/29/2020,4,29,303,Thursday,Thu,y,44,44,10/26/2020,20201026,10,10,October,Oct,4,2020,202010,4,2,2021,n,10/29/2019
20201030,10/30/2020,5,30,304,Friday,Fri,y,44,44,10/26/2020,20201026,10,10,October,Oct,4,2020,202010,4,2,2021,n,10/30/2019
20201031,10/31/2020,6,31,305,Saturday,Sat,n,44,44,10/26/2020,20201026,10,10,October,Oct,4,2020,202010,4,2,2021,m,10/31/2019
20201101,11/1/2020,7,1,306,Sunday,Sun,n,44,44,10/26/2020,20201026,11,11,November,Nov,4,2020,202011,5,2,2021,n,11/1/2019
20201102,11/2/2020,1,2,307,Monday,Mon,y,45,45,11/2/2020,20201102,11,11,November,Nov,4,2020,202011,5,2,2021,n,11/2/2019
20201103,11/3/2020,2,3,308,Tuesday,Tue,y,45,45,11/2/2020,20201102,11,11,November,Nov,4,2020,202011,5,2,2021,n,11/3/2019
20201104,11/4/2020,3,4,309,Wednesday,Wed,y,45,45,11/2/2020,20201102,11,11,November,Nov,4,2020,202011,5,2,2021,n,11/4/2019
20201105,11/5/2020,4,5,310,Thursday,Thu,y,45,45,11/2/2020,20201102,11,11,November,Nov,4,2020,202011,5,2,2021,n,11/5/2019
20201106,11/6/2020,5,6,311,Friday,Fri,y,45,45,11/2/2020,20201102,11,11,November,Nov,4,2020,202011,5,2,2021,n,11/6/2019
20201107,11/7/2020,6,7,312,Saturday,Sat,n,45,45,11/2/2020,20201102,11,11,November,Nov,4,2020,202011,5,2,2021,n,11/7/2019
20201108,11/8/2020,7,8,313,Sunday,Sun,n,45,45,11/2/2020,20201102,11,11,November,Nov,4,2020,202011,5,2,2021,n,11/8/2019
20201109,11/9/2020,1,9,314,Monday,Mon,y,46,46,11/9/2020,20201109,11,11,November,Nov,4,2020,202011,5,2,2021,n,11/9/2019
20201110,11/10/2020,2,10,315,Tuesday,Tue,y,46,46,11/9/2020,20201109,11,11,November,Nov,4,2020,202011,5,2,2021,n,11/10/2019
20201111,11/11/2020,3,11,316,Wednesday,Wed,y,46,46,11/9/2020,20201109,11,11,November,Nov,4,2020,202011,5,2,2021,n,11/11/2019
20201112,11/12/2020,4,12,317,Thursday,Thu,y,46,46,11/9/2020,20201109,11,11,November,Nov,4,2020,202011,5,2,2021,n,11/12/2019
20201113,11/13/2020,5,13,318,Friday,Fri,y,46,46,11/9/2020,20201109,11,11,November,Nov,4,2020,202011,5,2,2021,n,11/13/2019
20201114,11/14/2020,6,14,319,Saturday,Sat,n,46,46,11/9/2020,20201109,11,11,November,Nov,4,2020,202011,5,2,2021,n,11/14/2019
20201115,11/15/2020,7,15,320,Sunday,Sun,n,46,46,11/9/2020,20201109,11,11,November,Nov,4,2020,202011,5,2,2021,n,11/15/2019
20201116,11/16/2020,1,16,321,Monday,Mon,y,47,47,11/16/2020,20201116,11,11,November,Nov,4,2020,202011,5,2,2021,n,11/16/2019
20201117,11/17/2020,2,17,322,Tuesday,Tue,y,47,47,11/16/2020,20201116,11,11,November,Nov,4,2020,202011,5,2,2021,n,11/17/2019
20201118,11/18/2020,3,18,323,Wednesday,Wed,y,47,47,11/16/2020,20201116,11,11,November,Nov,4,2020,202011,5,2,2021,n,11/18/2019
20201119,11/19/2020,4,19,324,Thursday,Thu,y,47,47,11/16/2020,20201116,11,11,November,Nov,4,2020,202011,5,2,2021,n,11/19/2019
20201120,11/20/2020,5,20,325,Friday,Fri,y,47,47,11/16/2020,20201116,11,11,November,Nov,4,2020,202011,5,2,2021,n,11/20/2019
20201121,11/21/2020,6,21,326,Saturday,Sat,n,47,47,11/16/2020,20201116,11,11,November,Nov,4,2020,202011,5,2,2021,n,11/21/2019
20201122,11/22/2020,7,22,327,Sunday,Sun,n,47,47,11/16/2020,20201116,11,11,November,Nov,4,2020,202011,5,2,2021,n,11/22/2019
20201123,11/23/2020,1,23,328,Monday,Mon,y,48,48,11/23/2020,20201123,11,11,November,Nov,4,2020,202011,5,2,2021,n,11/23/2019
20201124,11/24/2020,2,24,329,Tuesday,Tue,y,48,48,11/23/2020,20201123,11,11,November,Nov,4,2020,202011,5,2,2021,n,11/24/2019
20201125,11/25/2020,3,25,330,Wednesday,Wed,y,48,48,11/23/2020,20201123,11,11,November,Nov,4,2020,202011,5,2,2021,n,11/25/2019
20201126,11/26/2020,4,26,331,Thursday,Thu,y,48,48,11/23/2020,20201123,11,11,November,Nov,4,2020,202011,5,2,2021,n,11/26/2019
20201127,11/27/2020,5,27,332,Friday,Fri,y,48,48,11/23/2020,20201123,11,11,November,Nov,4,2020,202011,5,2,2021,n,11/27/2019
20201128,11/28/2020,6,28,333,Saturday,Sat,n,48,48,11/23/2020,20201123,11,11,November,Nov,4,2020,202011,5,2,2021,n,11/28/2019
20201129,11/29/2020,7,29,334,Sunday,Sun,n,48,48,11/23/2020,20201123,11,11,November,Nov,4,2020,202011,5,2,2021,n,11/29/2019
20201130,11/30/2020,1,30,335,Monday,Mon,y,49,49,11/30/2020,20201130,11,11,November,Nov,4,2020,202011,5,2,2021,m,11/30/2019
20201201,12/1/2020,2,1,336,Tuesday,Tue,y,49,49,11/30/2020,20201130,12,12,December,Dec,4,2020,202012,6,2,2021,n,12/1/2019
20201202,12/2/2020,3,2,337,Wednesday,Wed,y,49,49,11/30/2020,20201130,12,12,December,Dec,4,2020,202012,6,2,2021,n,12/2/2019
20201203,12/3/2020,4,3,338,Thursday,Thu,y,49,49,11/30/2020,20201130,12,12,December,Dec,4,2020,202012,6,2,2021,n,12/3/2019
20201204,12/4/2020,5,4,339,Friday,Fri,y,49,49,11/30/2020,20201130,12,12,December,Dec,4,2020,202012,6,2,2021,n,12/4/2019
20201205,12/5/2020,6,5,340,Saturday,Sat,n,49,49,11/30/2020,20201130,12,12,December,Dec,4,2020,202012,6,2,2021,n,12/5/2019
20201206,12/6/2020,7,6,341,Sunday,Sun,n,49,49,11/30/2020,20201130,12,12,December,Dec,4,2020,202012,6,2,2021,n,12/6/2019
20201207,12/7/2020,1,7,342,Monday,Mon,y,50,50,12/7/2020,20201207,12,12,December,Dec,4,2020,202012,6,2,2021,n,12/7/2019
20201208,12/8/2020,2,8,343,Tuesday,Tue,y,50,50,12/7/2020,20201207,12,12,December,Dec,4,2020,202012,6,2,2021,n,12/8/2019
20201209,12/9/2020,3,9,344,Wednesday,Wed,y,50,50,12/7/2020,20201207,12,12,December,Dec,4,2020,202012,6,2,2021,n,12/9/2019
20201210,12/10/2020,4,10,345,Thursday,Thu,y,50,50,12/7/2020,20201207,12,12,December,Dec,4,2020,202012,6,2,2021,n,12/10/2019
20201211,12/11/2020,5,11,346,Friday,Fri,y,50,50,12/7/2020,20201207,12,12,December,Dec,4,2020,202012,6,2,2021,n,12/11/2019
20201212,12/12/2020,6,12,347,Saturday,Sat,n,50,50,12/7/2020,20201207,12,12,December,Dec,4,2020,202012,6,2,2021,n,12/12/2019
20201213,12/13/2020,7,13,348,Sunday,Sun,n,50,50,12/7/2020,20201207,12,12,December,Dec,4,2020,202012,6,2,2021,n,12/13/2019
20201214,12/14/2020,1,14,349,Monday,Mon,y,51,51,12/14/2020,20201214,12,12,December,Dec,4,2020,202012,6,2,2021,n,12/14/2019
20201215,12/15/2020,2,15,350,Tuesday,Tue,y,51,51,12/14/2020,20201214,12,12,December,Dec,4,2020,202012,6,2,2021,n,12/15/2019
20201216,12/16/2020,3,16,351,Wednesday,Wed,y,51,51,12/14/2020,20201214,12,12,December,Dec,4,2020,202012,6,2,2021,n,12/16/2019
20201217,12/17/2020,4,17,352,Thursday,Thu,y,51,51,12/14/2020,20201214,12,12,December,Dec,4,2020,202012,6,2,2021,n,12/17/2019
20201218,12/18/2020,5,18,353,Friday,Fri,y,51,51,12/14/2020,20201214,12,12,December,Dec,4,2020,202012,6,2,2021,n,12/18/2019
20201219,12/19/2020,6,19,354,Saturday,Sat,n,51,51,12/14/2020,20201214,12,12,December,Dec,4,2020,202012,6,2,2021,n,12/19/2019
20201220,12/20/2020,7,20,355,Sunday,Sun,n,51,51,12/14/2020,20201214,12,12,December,Dec,4,2020,202012,6,2,2021,n,12/20/2019
20201221,12/21/2020,1,21,356,Monday,Mon,y,52,52,12/21/2020,20201221,12,12,December,Dec,4,2020,202012,6,2,2021,n,12/21/2019
20201222,12/22/2020,2,22,357,Tuesday,Tue,y,52,52,12/21/2020,20201221,12,12,December,Dec,4,2020,202012,6,2,2021,n,12/22/2019
20201223,12/23/2020,3,23,358,Wednesday,Wed,y,52,52,12/21/2020,20201221,12,12,December,Dec,4,2020,202012,6,2,2021,n,12/23/2019
20201224,12/24/2020,4,24,359,Thursday,Thu,y,52,52,12/21/2020,20201221,12,12,December,Dec,4,2020,202012,6,2,2021,n,12/24/2019
20201225,12/25/2020,5,25,360,Friday,Fri,y,52,52,12/21/2020,20201221,12,12,December,Dec,4,2020,202012,6,2,2021,n,12/25/2019
20201226,12/26/2020,6,26,361,Saturday,Sat,n,52,52,12/21/2020,20201221,12,12,December,Dec,4,2020,202012,6,2,2021,n,12/26/2019
20201227,12/27/2020,7,27,362,Sunday,Sun,n,52,52,12/21/2020,20201221,12,12,December,Dec,4,2020,202012,6,2,2021,n,12/27/2019
20201228,12/28/2020,1,28,363,Monday,Mon,y,53,53,12/28/2020,20201228,12,12,December,Dec,4,2020,202012,6,2,2021,n,12/28/2019
20201229,12/29/2020,2,29,364,Tuesday,Tue,y,53,53,12/28/2020,20201228,12,12,December,Dec,4,2020,202012,6,2,2021,n,12/29/2019
20201230,12/30/2020,3,30,365,Wednesday,Wed,y,53,53,12/28/2020,20201228,12,12,December,Dec,4,2020,202012,6,2,2021,n,12/30/2019
20201231,12/31/2020,4,31,366,Thursday,Thu,y,53,53,12/28/2020,20201228,12,12,December,Dec,4,2020,202012,6,2,2021,m,12/31/2019
